{
  "dec/al16": {
    "k": 16,
    "max_direct_before": 0.929051964681768,
    "max_direct_after": 2.3592239273284576e-15,
    "norm_ratio": 0.9832184314727783
  },
  "dec/al64": {
    "k": 64,
    "max_direct_before": 0.929051964681768,
    "max_direct_after": 4.801714581503802e-15,
    "norm_ratio": 0.9530355334281921
  },
  "dec/al256": {
    "k": 256,
    "max_direct_before": 0.929051964681768,
    "max_direct_after": 7.271960811294775e-15,
    "norm_ratio": 0.8715137839317322
  },
  "dec/al1024": {
    "k": 1024,
    "max_direct_before": 0.929051964681768,
    "max_direct_after": 7.632783294297951e-15,
    "norm_ratio": 0.6741577982902527
  },
  "dec/cur": {
    "k": 27,
    "max_direct_before": 0.6149579252976776,
    "max_direct_after": 1.5265566588595902e-15,
    "norm_ratio": 0.9935830235481262
  },
  "dec/stat": {
    "k": 64,
    "max_direct_before": 0.47776345573980483,
    "max_direct_after": 1.1518563880486e-15,
    "norm_ratio": 0.9912766218185425
  },
  "dec/rand_s0": {
    "k": 64,
    "norm_ratio": 0.9892521500587463
  },
  "dec/rand_s1": {
    "k": 64,
    "norm_ratio": 0.9921014904975891
  },
  "dec/rand_s2": {
    "k": 64,
    "norm_ratio": 0.9934636354446411
  },
  "mm/al16": {
    "k": 16,
    "max_direct_before": 0.5024965193757506,
    "max_direct_after": 1.0998146837692957e-15,
    "norm_ratio": 0.9800921082496643
  },
  "mm/al64": {
    "k": 64,
    "max_direct_before": 0.5024965193757506,
    "max_direct_after": 1.0061396160665481e-15,
    "norm_ratio": 0.9611620903015137
  },
  "mm/al256": {
    "k": 256,
    "max_direct_before": 0.5024965193757506,
    "max_direct_after": 2.886579864025407e-15,
    "norm_ratio": 0.869709312915802
  },
  "mm/al1024": {
    "k": 1024,
    "max_direct_before": 0.5024965193757506,
    "max_direct_after": 3.0166841247236675e-15,
    "norm_ratio": 0.6640431880950928
  },
  "mm/cur": {
    "k": 27,
    "max_direct_before": 0.226065033505304,
    "max_direct_after": 8.049116928532385e-16,
    "norm_ratio": 0.9964790940284729
  },
  "mm/stat": {
    "k": 64,
    "max_direct_before": 0.2703469450839362,
    "max_direct_after": 7.042977312465837e-16,
    "norm_ratio": 0.9909288883209229
  },
  "mm/rand_s0": {
    "k": 64,
    "norm_ratio": 0.9915316700935364
  },
  "mm/rand_s1": {
    "k": 64,
    "norm_ratio": 0.991940975189209
  },
  "mm/rand_s2": {
    "k": 64,
    "norm_ratio": 0.9921349287033081
  }
}