{
  "model_id": "NousResearch/Llama-2-7b-chat-hf",
  "name": "llama2",
  "gate": 1.5,
  "seed": 0,
  "n_layers": 32,
  "layer_grid": [
    12,
    14
  ],
  "aligned_ks": [
    16,
    64,
    256,
    1024
  ],
  "rand_k": 64,
  "families": {
    "dec": {
      "layer": 12,
      "alpha": 0.5,
      "val_mc2_delta": 0.0006359725630792346,
      "ppl_ratio": 1.034824140817025
    },
    "mm": {
      "layer": 12,
      "alpha": 4.0,
      "val_mc2_delta": 0.14549970399808654,
      "ppl_ratio": 1.2115622843042173
    }
  }
}