{
  "config": {
    "model_id": "NousResearch/Meta-Llama-3-8B-Instruct",
    "gate": 1.5,
    "seed": 0,
    "aligned_ks": [
      16,
      64,
      256,
      1024
    ],
    "rand_k": 64,
    "families": {
      "dec": {
        "layer": 12,
        "alpha": 3.0,
        "val_mc2_delta": 0.04192135829579818,
        "ppl_ratio": 1.300103122398977,
        "val_eta": 2.1651068439086276
      },
      "mm": {
        "layer": 12,
        "alpha": 4.0,
        "val_mc2_delta": 0.18246158759911463,
        "ppl_ratio": 1.1535026515380515,
        "val_eta": 1.2218134082232912
      }
    }
  },
  "n_test": 497,
  "families": {
    "dec": {
      "operating_point": {
        "layer": 12,
        "alpha": 3.0,
        "val_mc2_delta": 0.04192135829579818,
        "ppl_ratio": 1.300103122398977,
        "val_eta": 2.1651068439086276
      },
      "conditions": {
        "v_dec": {
          "mc2": 0.4359483066936325,
          "mc2_ci": [
            0.3964953967018995,
            0.4750645735937304
          ],
          "delta_mc2": -0.03461141812477554
        },
        "v_par_al64": {
          "mc2": 0.4808634866782497,
          "mc2_ci": [
            0.44241142805186595,
            0.5200329089439656
          ],
          "delta_mc2": 0.010303761859841647,
          "rho": -0.297698344017462,
          "rho_ci": [
            -2.632294359405834,
            0.6698604351472145
          ]
        },
        "v_perp_al1024": {
          "mc2": 0.4236678516004452,
          "mc2_ci": [
            0.38493375047874906,
            0.46144537605942293
          ],
          "delta_mc2": -0.04689187321796285,
          "rho": 1.35480935941185,
          "rho_ci": [
            -1.7039232548353254,
            5.994821380555223
          ]
        },
        "v_perp_al16": {
          "mc2": 0.4256123523445854,
          "mc2_ci": [
            0.3856776216718727,
            0.4663001416874195
          ],
          "delta_mc2": -0.04494737247382263,
          "rho": 1.2986284558403693,
          "rho_ci": [
            -0.11729636645676633,
            3.161550080526859
          ]
        },
        "v_perp_al256": {
          "mc2": 0.4239284582560573,
          "mc2_ci": [
            0.3845515190508477,
            0.4625970190704477
          ],
          "delta_mc2": -0.04663126656235074,
          "rho": 1.3472798599075937,
          "rho_ci": [
            -1.1037185945466064,
            4.4555731768571505
          ]
        },
        "v_perp_al64": {
          "mc2": 0.4288604717846509,
          "mc2_ci": [
            0.3889222785577514,
            0.4680772124856693
          ],
          "delta_mc2": -0.04169925303375711,
          "rho": 1.2047831407378236,
          "rho_ci": [
            0.0076103523532976,
            2.988218676172979
          ]
        },
        "v_perp_al64_nm": {
          "mc2": 0.4269492510586933,
          "mc2_ci": [
            0.38682544456955925,
            0.4662843379174769
          ],
          "delta_mc2": -0.04361047375971467,
          "rho": 1.260002511382145,
          "rho_ci": [
            0.19304760528395742,
            3.186391177487141
          ]
        },
        "v_perp_cur": {
          "mc2": 0.43699904585922233,
          "mc2_ci": [
            0.3979860140572209,
            0.4765275808981118
          ],
          "delta_mc2": -0.033560678959185714,
          "rho": 0.9696418343275658,
          "rho_ci": [
            0.6306747452336653,
            1.2530671691464064
          ]
        },
        "v_perp_stat": {
          "mc2": 0.4355277092215773,
          "mc2_ci": [
            0.3963457419494327,
            0.475257908595117
          ],
          "delta_mc2": -0.03503201559683075,
          "rho": 1.0121519861029369,
          "rho_ci": [
            0.7547295025783837,
            1.371255037661878
          ]
        },
        "v_rand_s0": {
          "mc2": 0.4316006347428041,
          "mc2_ci": [
            0.3920724993810784,
            0.47189730587640716
          ],
          "delta_mc2": -0.03895909007560393,
          "rho": 1.1256138056855935,
          "rho_ci": [
            0.5827973936759083,
            1.9450632113759658
          ]
        },
        "v_rand_s1": {
          "mc2": 0.4395918587674818,
          "mc2_ci": [
            0.3993165083147525,
            0.4793455993910204
          ],
          "delta_mc2": -0.030967866050926145,
          "rho": 0.8947297663241002,
          "rho_ci": [
            0.23483741480281858,
            1.3686412431188515
          ]
        },
        "v_rand_s2": {
          "mc2": 0.4379439714168348,
          "mc2_ci": [
            0.39749937394636664,
            0.4775754951243979
          ],
          "delta_mc2": -0.03261575340157323,
          "rho": 0.9423408565344574,
          "rho_ci": [
            0.5664393359434315,
            1.2181426539975886
          ]
        }
      },
      "delta_vdec_mc2": {
        "point": -0.03461141812477554,
        "ci": [
          -0.07149606472306352,
          0.0013770247524940806
        ]
      },
      "delta_vdec_mc1": {
        "point": 0.004024144869215292,
        "ci": [
          -0.03621730382293763,
          0.04225352112676056
        ]
      },
      "aligned_minus_random_rho": {
        "point": 0.21722166455644,
        "ci": [
          -0.6460765213176503,
          2.157140077967452
        ]
      },
      "sigma_T": 0.12530317149501674,
      "rho_by_tokenset": {
        "v_perp_al64": 1.2047831407378236,
        "v_perp_cur": 0.9696418343275658,
        "v_perp_stat": 1.0121519861029369
      },
      "eta": {
        "curated": {
          "delta_vdec": 1.3090480464317085,
          "delta_vdec_ci": [
            1.231783184680856,
            1.3886854063474094
          ],
          "delta_vperp": 1.1773329762699627,
          "rho_eta": 0.8993810269067025,
          "rho_eta_ci": [
            0.8899275306385909,
            0.9082882359109162
          ]
        },
        "spillover": {
          "delta_vdec": 1.1786697403046207,
          "delta_vdec_ci": [
            1.0930775093600542,
            1.267757914099895
          ],
          "delta_vperp": 0.8696411952886063,
          "rho_eta": 0.737815832163344,
          "rho_eta_ci": [
            0.7163311212164117,
            0.7570215351477665
          ]
        }
      },
      "paraphrase": {
        "delta_vdec": 0.01851730506812507,
        "delta_vdec_ci": [
          -0.04952803441825538,
          0.08589191911322971
        ],
        "delta_vperp": 0.016571503073944695,
        "delta_vperp_ci": [
          -0.04904754044134415,
          0.08338519556569476
        ],
        "matched_id_delta": -0.05958362792548686,
        "matched_id_ci": [
          -0.12898243096265768,
          0.01109592377914049
        ],
        "paired_diff": 0.07810093299361193,
        "paired_diff_ci": [
          0.011753693951470356,
          0.146838205535782
        ]
      }
    },
    "mm": {
      "operating_point": {
        "layer": 12,
        "alpha": 4.0,
        "val_mc2_delta": 0.18246158759911463,
        "ppl_ratio": 1.1535026515380515,
        "val_eta": 1.2218134082232912
      },
      "conditions": {
        "v_dec": {
          "mc2": 0.5434903285808916,
          "mc2_ci": [
            0.5041327030025056,
            0.5829261158449487
          ],
          "delta_mc2": 0.07293060376248364
        },
        "v_par_al64": {
          "mc2": 0.5021467664159369,
          "mc2_ci": [
            0.46327418801181314,
            0.5405915089539833
          ],
          "delta_mc2": 0.03158704159752895,
          "rho": 0.4331109296777507,
          "rho_ci": [
            0.27352846277973003,
            0.7637419346795844
          ]
        },
        "v_perp_al1024": {
          "mc2": 0.5638738144089505,
          "mc2_ci": [
            0.5238631121725983,
            0.6030257230253435
          ],